{"cameraMode":{"drawMode":0,"name":"Shaded","section":"Shading Mode"},"sceneLighting":true,"audioPlay":false,"sceneViewState":{"m_AlwaysRefresh":false,"showFog":true,"showSkybox":true,"showFlares":true,"showImageEffects":true,"showParticleSystems":true,"showVisualEffectGraphs":true,"m_FxEnabled":true},"in2DMode":false,"pivot":{"x":0.21476216614246369,"y":4.805716037750244,"z":7.174317359924316},"rotation":{"x":0.007918964140117169,"y":0.9514164924621582,"z":-0.30686473846435549,"w":0.024547722190618516},"size":2.740093231201172,"orthographic":true}